R6,N4,N6,N11,N15,N18,N22,N24,AD
0,0,0,0,0,1,1,1,1
0,0,0,1,0,0,0,1,1
0,0,0,0,0,0,0,1,1
0,0,0,0,0,0,0,1,1
1,0,1,1,0,1,1,1,1
0,0,0,0,0,0,0,1,1
0,0,0,0,0,1,0,1,1
0,0,0,0,0,0,0,0,1
0,0,0,0,0,1,0,0,1
0,0,0,0,0,0,0,0,1
0,0,1,0,0,0,1,1,1
0,1,0,0,0,0,0,0,1
0,0,0,0,0,0,0,0,1
0,1,0,0,0,1,1,0,1
0,1,0,0,0,0,0,0,1
0,1,0,1,1,0,0,0,1
0,0,0,0,0,0,0,1,1
0,1,0,0,0,0,0,1,1
0,0,0,0,0,0,0,1,1
0,0,0,0,0,0,0,1,1
0,0,1,0,0,1,1,1,1
0,0,0,0,0,0,0,0,1
0,0,0,1,1,1,1,0,1
0,1,0,0,0,1,0,0,1
0,0,0,0,0,0,0,1,1
0,0,0,0,0,0,0,0,1
0,0,0,0,0,0,1,1,1
0,0,0,0,0,0,0,0,1
0,0,0,0,0,0,0,0,1
0,0,0,0,0,1,1,1,1
0,0,0,0,0,0,0,0,1
0,0,0,0,0,0,0,0,1
0,0,0,1,0,0,0,0,1
0,0,0,0,0,0,0,0,1
0,0,0,0,0,0,0,0,1
0,0,0,0,0,0,1,0,1
0,0,0,0,0,0,0,1,1
0,0,0,0,0,1,1,1,1
0,0,0,0,0,0,0,1,1
0,0,0,0,0,0,0,1,1
0,0,0,0,0,1,1,1,1
0,0,0,0,0,0,0,0,1
0,0,0,0,0,0,0,1,1
0,0,0,0,0,1,1,1,1
0,0,0,0,0,0,0,0,1
0,0,0,1,0,0,0,1,1
0,0,0,0,0,0,1,1,1
0,0,0,0,0,0,0,0,1
0,1,0,1,0,0,0,0,1
0,0,0,0,0,1,1,1,1
0,0,0,0,0,0,0,0,1
0,0,0,0,1,1,1,1,1
0,0,0,0,0,0,0,1,1
0,1,0,1,0,0,0,0,1
0,0,0,0,0,0,0,0,1
0,0,0,0,0,0,0,1,1
0,0,0,1,0,0,0,0,1
0,0,0,1,0,0,0,1,1
0,0,0,0,0,0,0,1,1
0,1,0,1,0,0,0,0,1
0,0,0,0,0,0,0,1,1
0,0,0,0,0,0,0,1,1
0,1,0,1,0,1,1,0,1
0,1,0,1,0,0,0,1,1
0,0,0,0,0,0,0,0,1
0,0,0,0,0,0,0,0,1
0,0,0,0,0,0,0,0,1
0,0,0,0,0,0,0,1,1
0,0,0,0,0,0,0,0,1
0,0,0,0,0,0,0,1,1
0,0,0,0,0,0,0,1,1
1,0,0,1,0,1,0,1,1
0,0,0,0,0,0,0,1,1
0,0,1,0,0,0,0,0,1
0,0,0,0,0,0,0,1,1
0,0,0,0,0,0,0,1,1
0,0,0,0,0,0,0,1,1
0,0,0,0,0,0,0,0,1
0,1,0,0,1,0,0,1,1
0,1,0,1,0,0,0,1,1
0,0,0,0,0,0,0,1,1
0,0,0,0,0,1,1,1,1
0,0,0,0,0,0,0,1,1
0,0,0,0,0,1,0,1,1
0,0,0,0,0,0,0,1,1
0,1,0,1,0,0,0,0,1
0,0,0,0,0,0,0,0,1
0,0,0,0,0,1,0,0,1
0,0,0,0,0,0,0,1,1
0,0,0,0,0,0,0,1,1
0,1,0,1,0,0,0,1,1
0,0,0,0,0,0,0,0,1
0,0,0,0,0,0,0,0,1
0,0,0,0,0,0,0,1,1
0,0,0,0,0,0,0,1,1
0,0,0,0,0,0,0,0,1
0,0,0,0,0,1,1,1,1
0,0,0,0,0,0,0,1,1
0,0,0,0,0,0,0,1,1
0,0,0,0,0,0,0,1,1
0,0,0,0,0,1,1,1,1
0,0,0,0,0,0,0,1,1
0,0,0,0,0,1,1,1,1
1,0,0,0,0,0,0,0,1
0,0,0,0,0,1,0,0,1
0,0,0,0,0,0,0,0,1
0,1,0,0,0,0,1,1,1
0,0,0,0,0,0,0,0,1
0,0,0,0,0,1,0,0,1
0,1,0,0,1,0,1,0,1
0,1,0,0,0,0,0,0,1
0,0,0,0,0,0,0,0,1
0,1,0,1,0,0,0,1,1
0,0,0,0,0,0,0,1,1
0,0,0,0,0,0,0,1,1
0,0,0,0,0,0,0,1,1
0,0,0,0,1,1,1,1,1
0,0,0,0,0,0,0,0,1
0,1,0,0,0,1,1,0,1
0,0,0,0,0,1,0,0,1
0,0,0,0,0,0,0,1,1
0,0,0,0,0,0,0,0,1
0,0,0,0,0,0,1,1,1
0,0,0,0,0,0,0,0,1
0,0,0,0,0,0,0,0,1
0,1,0,0,0,1,1,1,1
0,0,0,0,0,0,0,0,1
0,0,0,0,0,0,0,0,1
0,0,0,0,0,0,0,0,1
0,0,0,0,0,0,0,0,1
0,0,0,0,0,0,0,0,1
0,0,0,0,0,0,1,0,1
0,0,0,0,0,0,1,1,1
0,0,0,0,0,0,1,1,1
0,0,0,0,1,1,0,1,1
0,0,0,0,0,0,0,1,1
0,0,0,0,0,1,1,1,1
0,0,0,0,0,0,0,0,1
0,0,0,0,0,0,0,1,1
0,0,0,0,0,1,1,1,1
0,0,0,0,0,0,0,0,1
0,0,0,0,0,0,0,0,1
0,0,0,0,0,0,0,0,1
0,0,0,0,0,0,0,0,1
0,0,0,0,0,0,0,0,1
0,0,0,0,0,0,0,0,1
0,0,0,0,0,0,0,0,1
1,1,0,1,1,1,1,1,1
0,0,0,0,0,0,0,0,1
0,0,0,0,0,0,0,1,1
0,0,0,0,0,0,0,0,1
0,0,0,0,0,0,0,0,1
0,0,0,0,0,0,0,0,1
0,0,0,0,1,1,0,1,1
0,0,0,0,0,0,0,0,1
0,1,1,1,1,0,0,1,1
0,0,0,0,0,0,0,1,1
0,0,0,0,0,0,1,1,1
0,0,0,0,0,0,0,1,1
0,0,0,0,0,0,0,1,1
0,0,0,0,0,0,0,0,1
0,0,0,0,0,0,0,0,1
0,0,0,0,0,1,1,1,1
0,0,0,0,0,0,1,1,1
0,0,0,0,0,0,0,1,1
1,1,0,1,1,1,1,1,1
0,0,0,0,0,0,0,0,1
0,0,0,0,0,0,0,0,1
0,0,0,0,0,0,0,0,1
0,0,0,0,0,0,0,0,1
0,1,0,1,1,0,0,0,1
0,0,0,0,0,0,0,1,1
0,0,0,0,1,0,0,1,1
0,0,0,0,0,0,0,1,1
0,0,0,0,0,0,0,0,1
0,0,0,0,0,0,0,0,1
0,0,1,0,0,1,1,1,1
0,0,0,0,0,0,0,1,1
0,0,0,0,0,0,0,1,1
0,0,0,0,0,0,0,0,1
0,0,0,0,0,0,0,0,1
0,0,0,1,0,0,0,0,1
0,0,0,0,0,0,0,1,1
0,0,1,0,0,0,0,0,1
0,0,0,0,0,0,0,1,1
0,0,0,0,0,0,0,0,1
0,0,0,0,0,0,0,0,1
0,0,0,0,0,0,0,0,1
0,1,0,0,1,1,1,1,1
0,0,0,0,0,0,0,1,1
0,0,0,0,0,0,0,0,1
0,0,0,0,1,0,0,0,1
0,0,0,0,0,0,0,1,1
0,0,1,0,0,0,0,0,1
0,0,0,0,0,0,0,0,1
0,0,0,0,0,0,0,1,1
0,0,0,0,0,0,0,0,1
0,1,0,0,0,0,0,0,1
0,0,0,0,0,0,0,0,1
0,1,0,0,0,1,0,1,1
1,0,0,0,0,0,0,1,1
0,0,0,0,0,0,0,0,1
1,0,0,0,0,0,0,0,1
0,0,0,0,0,0,1,0,1
0,0,0,0,0,0,0,0,1
0,0,0,0,0,0,0,0,1
0,0,0,0,0,0,0,0,1
0,1,0,0,1,0,0,1,1
0,0,0,0,0,0,0,1,1
0,1,0,0,0,0,0,0,1
0,0,0,0,0,0,0,0,1
0,0,0,0,0,0,0,0,1
0,0,0,0,0,0,0,1,1
0,0,0,0,0,0,0,0,1
0,0,0,0,0,0,0,0,1
0,0,0,0,1,0,0,1,1
0,0,0,0,0,0,0,1,1
0,0,0,0,0,0,0,1,1
0,0,0,0,0,1,0,1,1
0,0,0,0,0,0,0,0,1
0,0,0,0,0,0,0,0,1
0,0,0,0,0,0,0,0,1
0,0,0,0,0,0,0,0,1
0,0,0,0,0,0,0,0,1
0,0,0,0,0,0,0,0,1
0,0,0,0,0,0,0,1,1
0,0,0,0,0,0,0,0,1
0,1,1,0,0,1,1,1,1
0,0,0,0,0,0,0,0,1
0,0,0,0,0,0,0,1,1
0,0,0,0,0,0,0,0,1
0,0,0,0,0,0,0,0,1
0,0,0,0,0,0,0,1,1
0,0,0,0,0,0,0,1,1
0,0,0,0,0,0,0,1,1
0,0,0,0,0,1,1,1,1
0,0,0,0,0,0,0,0,1
0,0,0,0,0,0,0,0,1
0,0,0,0,0,0,0,0,1
0,0,0,0,0,0,0,0,1
0,0,0,0,0,0,0,0,1
0,0,0,0,0,0,0,0,1
0,0,0,0,0,0,0,1,1
0,0,0,0,0,0,0,0,1
0,0,1,0,0,1,1,1,1
0,0,0,0,0,0,0,1,1
0,0,0,0,0,0,0,1,1
0,0,0,0,0,0,0,1,1
0,0,0,0,0,0,0,0,1
0,1,0,0,0,1,1,1,1
0,0,0,0,0,0,0,1,1
0,0,0,0,1,0,0,0,1
0,1,0,0,1,0,1,1,1
0,0,0,0,0,0,0,0,1
1,0,0,0,0,0,0,0,1
0,0,0,0,0,0,0,0,1
0,0,0,0,0,0,0,0,1
0,1,0,0,1,0,0,1,0
0,1,0,0,0,0,0,0,0
0,1,0,0,0,0,0,0,0
0,0,0,0,0,0,0,1,0
0,0,0,0,0,0,0,1,0
0,0,0,0,0,0,0,0,0
0,0,0,0,0,0,0,1,0
0,0,0,0,1,0,0,0,0
0,0,0,0,0,0,0,0,0
1,0,0,0,1,1,1,1,0
0,0,0,0,0,0,0,0,0
0,0,0,0,0,0,0,1,0
0,0,0,0,0,0,0,1,0
0,0,0,0,1,0,0,0,0
0,0,0,0,0,0,0,0,0
0,1,0,0,0,0,0,1,0
0,0,0,0,0,0,0,1,0
0,0,0,0,0,1,0,1,0
0,0,0,0,0,0,0,0,0
0,0,0,0,0,0,0,1,0
0,0,0,0,0,0,0,0,0
0,0,0,0,1,0,0,1,0
0,0,0,0,0,0,0,1,0
0,0,0,0,0,0,0,1,0
0,0,0,0,0,0,0,0,0
0,0,0,0,0,0,0,1,0
0,0,0,0,0,0,0,0,0
0,0,0,0,0,0,0,1,0
0,0,0,0,0,0,0,0,0
0,1,0,0,0,0,0,0,0
0,0,0,0,0,0,0,1,0
0,0,0,0,0,0,0,1,0
0,0,0,0,0,0,0,1,0
0,0,0,0,1,0,0,0,0
0,0,0,0,0,0,0,1,0
0,0,0,0,0,0,0,1,0
1,1,0,0,0,0,1,1,0
1,0,0,0,0,0,0,1,0
0,0,0,0,0,0,0,0,0
0,0,0,0,0,1,0,1,0
0,0,0,0,0,0,0,1,0
0,0,0,0,1,1,1,1,0
0,1,0,0,0,0,0,1,0
0,1,0,0,0,0,0,0,0
0,0,0,0,0,0,0,1,0
0,0,0,0,1,0,0,1,0
0,0,0,0,0,0,0,0,0
0,0,0,0,0,0,0,1,0
0,0,0,0,0,0,0,1,0
0,0,0,0,0,0,0,0,0
0,1,0,0,1,0,0,1,0
0,0,0,0,0,0,0,1,0
0,0,0,0,0,0,0,1,0
1,0,0,0,0,1,1,1,0
0,0,0,0,0,0,0,0,0
0,0,0,0,0,0,0,1,0
0,0,0,0,0,0,0,0,0
0,0,0,0,0,0,0,1,0
0,1,0,0,1,0,0,0,0
0,0,0,0,0,0,0,1,0
0,0,0,0,0,0,0,1,0
0,0,0,0,0,0,0,0,0
0,1,0,0,1,0,0,1,0
0,0,0,0,0,0,0,1,0
0,0,0,0,0,0,0,1,0
0,1,0,0,0,1,1,1,0
0,0,0,0,0,0,0,0,0
0,0,0,0,0,0,0,1,0
0,1,0,0,0,0,0,0,0
0,0,0,0,0,0,0,1,0
0,0,0,0,1,0,0,0,0
0,0,0,0,0,0,0,0,0
0,0,0,0,0,0,0,1,0
0,1,0,0,0,0,0,0,0
0,0,0,0,0,0,0,1,0
1,0,0,0,0,1,1,1,0
0,0,0,0,0,0,0,0,0
0,0,0,0,0,0,0,0,0
1,1,1,1,0,1,1,1,0
0,0,0,0,0,0,0,0,0
0,0,0,0,0,1,0,1,0
0,0,0,0,0,0,0,0,0
0,0,0,0,0,0,0,1,0
0,0,0,0,0,0,0,1,0
0,0,0,0,0,0,0,0,0
0,0,0,0,0,0,0,0,0
0,0,0,0,0,0,0,1,0
0,0,0,0,0,0,0,0,0
0,0,0,0,0,0,0,0,0
1,1,0,0,0,1,1,1,0
0,0,0,1,0,1,0,1,0
0,0,0,0,0,0,0,0,0
0,0,0,0,0,0,0,0,0
1,0,0,0,0,0,0,0,0
0,1,0,0,0,0,0,1,0
1,1,0,1,0,1,1,1,0
0,1,0,1,0,0,0,0,0
0,0,0,0,0,0,0,1,0
0,0,0,0,0,0,0,0,0
0,0,0,0,0,0,0,1,0
0,0,0,0,0,0,0,1,0
0,0,0,0,0,0,0,1,0
0,0,0,0,0,0,0,1,0
0,1,0,1,0,0,0,0,0
0,0,0,0,0,0,0,1,0
0,0,0,0,0,0,0,0,0
0,1,0,1,1,0,0,1,0
0,0,0,0,0,0,0,0,0
0,1,0,1,1,0,0,1,0
0,0,0,1,0,1,0,1,0
0,0,0,0,0,0,0,0,0
0,0,0,0,0,0,0,1,0
0,0,0,1,0,0,0,0,0
0,0,0,1,0,0,0,1,0
0,0,0,0,0,0,0,0,0
0,0,0,0,0,0,0,1,0
0,0,0,0,0,0,0,1,0
0,0,0,0,0,0,0,1,0
1,1,0,1,0,1,1,1,0
0,0,0,1,0,0,0,1,0
0,0,0,0,0,0,0,0,0
0,0,0,0,0,0,0,0,0
0,0,0,0,0,0,0,0,0
0,0,0,0,0,0,0,1,0
0,0,0,0,0,0,0,0,0
0,0,0,0,0,0,0,0,0
0,0,0,0,0,0,0,1,0
0,0,0,0,0,0,0,1,0
1,0,0,0,0,0,0,1,0
0,0,0,0,0,0,0,1,0
0,0,0,0,0,0,0,0,0
0,0,0,0,0,0,0,1,0
0,0,0,0,0,0,0,0,0
1,1,0,1,0,1,1,1,0
0,0,0,0,0,0,0,0,0
0,0,0,0,0,0,0,0,0
0,0,0,0,0,0,0,0,0
0,0,0,0,0,0,0,0,0
0,0,0,0,0,0,0,0,0
0,0,1,1,0,1,1,0,0
0,0,0,0,0,0,0,0,0
0,0,0,0,0,0,0,0,0
0,0,0,0,0,0,0,0,0
0,1,0,1,1,0,1,0,0
0,1,0,0,0,0,0,1,0
0,1,0,0,0,0,0,0,0
0,0,0,0,0,0,0,0,0
0,0,0,0,0,0,0,1,0
0,0,0,0,1,0,0,1,0
0,0,0,0,0,0,0,0,0
0,0,0,0,0,0,0,0,0
0,0,0,0,1,0,0,0,0
0,0,0,0,0,0,0,0,0
1,0,0,0,1,1,1,1,0
0,0,0,0,0,0,0,0,0
0,0,0,0,0,0,0,1,0
0,0,0,0,0,0,0,1,0
0,1,0,0,1,0,1,0,0
0,0,0,0,0,0,0,0,0
0,0,0,0,0,0,0,1,0
0,0,0,0,0,0,0,1,0
0,0,0,0,0,0,0,1,0
0,0,0,0,0,0,0,0,0
0,0,0,1,0,0,0,1,0
0,0,0,0,0,0,0,0,0
1,0,0,1,1,0,0,1,0
0,0,0,0,0,0,0,1,0
1,0,0,0,0,0,0,0,0
0,0,0,0,0,0,0,0,0
0,0,0,0,0,0,0,1,0
0,0,0,0,0,0,0,0,0
0,0,0,0,0,0,0,1,0
0,0,0,0,0,0,0,0,0
0,0,0,0,0,0,0,0,0
0,0,0,0,0,0,0,1,0
0,0,0,0,0,0,0,1,0
0,1,0,0,0,0,0,1,0
0,1,0,1,1,0,0,0,0
0,0,0,0,0,0,0,1,0
0,0,0,0,0,0,0,1,0
1,1,0,0,0,0,0,1,0
0,0,0,0,0,0,0,1,0
0,0,0,0,0,0,0,0,0
0,0,0,0,0,1,0,1,0
0,1,0,0,0,0,0,1,0
1,1,0,1,1,1,1,1,0
0,0,0,0,0,0,0,0,0
0,0,0,0,0,0,0,0,0
0,0,0,0,0,0,0,0,0
0,0,0,0,1,0,0,1,0
0,0,0,0,0,0,0,0,0
0,0,0,0,0,0,0,1,0
0,0,0,0,0,0,0,1,0
0,0,0,0,0,0,0,0,0
0,1,0,0,1,0,0,1,0
0,0,0,0,0,0,0,1,0
0,0,0,0,0,0,0,1,0
0,0,0,1,0,1,1,1,0
0,0,0,0,0,0,0,0,0
0,0,0,0,0,0,0,1,0
0,1,0,0,0,0,0,1,0
0,0,0,0,0,0,0,1,0
0,0,0,1,1,0,0,0,0
0,0,0,0,0,0,0,0,0
0,0,0,0,0,0,0,1,0
0,0,0,0,0,0,0,0,0
0,0,0,0,1,0,0,1,0
0,0,0,0,0,0,0,1,0
0,0,0,0,0,0,0,1,0
0,0,0,1,0,1,1,1,0
0,0,0,0,0,0,0,0,0
0,0,0,0,0,0,0,1,0
0,0,0,0,0,0,0,0,0
0,0,0,0,0,0,0,1,0
0,0,0,0,1,0,0,0,0
0,0,0,0,0,0,0,1,0
0,0,0,0,0,0,0,1,0
0,0,0,0,0,0,0,0,0
1,0,0,0,0,0,0,1,0
1,0,0,1,1,1,1,1,0
0,0,0,0,0,0,0,1,0
0,0,0,0,0,0,0,0,0
0,0,1,1,0,1,0,1,0
0,0,0,0,0,0,0,0,0
0,0,0,0,0,0,0,1,0
0,0,0,0,0,0,0,0,0
0,0,0,0,0,0,0,1,0
0,0,1,0,0,0,0,0,0
0,0,0,0,0,0,0,0,0
0,0,0,0,0,0,0,1,0
0,0,0,0,0,0,0,0,0
0,1,0,0,0,0,0,1,0
0,0,0,0,0,0,0,0,0
0,0,0,0,0,1,0,1,0
1,1,0,0,0,0,0,1,0
0,0,0,0,0,0,0,0,0
0,0,0,0,0,0,0,1,0
1,0,0,0,1,0,0,0,0
0,0,0,0,0,0,0,1,0
0,0,0,0,0,0,0,0,0
0,0,0,0,0,0,0,1,0
0,0,0,0,0,0,0,1,0
